{"cameraMode":{"drawMode":0,"name":"Shaded","section":"Shading Mode"},"sceneLighting":false,"audioPlay":false,"sceneViewState":{"showFog":true,"showMaterialUpdate":false,"showSkybox":false,"showFlares":true,"showImageEffects":true,"showParticleSystems":true},"in2DMode":false,"pivot":{"x":-11.412931442260743,"y":21.331514358520509,"z":-12.64089584350586},"rotation":{"x":-0.01122618280351162,"y":0.9876642823219299,"z":-0.13144555687904359,"w":-0.08435294777154923},"size":4.0578837394714359,"orthographic":false}