{"cameraMode":{"drawMode":0,"name":"Shaded","section":"Shading Mode"},"sceneLighting":false,"audioPlay":false,"sceneViewState":{"showFog":true,"showMaterialUpdate":false,"showSkybox":false,"showFlares":true,"showImageEffects":true,"showParticleSystems":true},"in2DMode":false,"pivot":{"x":1.6401336193084717,"y":20.509876251220704,"z":-16.899999618530275},"rotation":{"x":0.06601887941360474,"y":0.8925395011901856,"z":-0.1390051692724228,"w":0.42390134930610659},"size":2.081336498260498,"orthographic":false}