{"cameraMode":{"drawMode":0,"name":"Shaded","section":"Shading Mode"},"sceneLighting":false,"audioPlay":false,"sceneViewState":{"showFog":true,"showMaterialUpdate":false,"showSkybox":false,"showFlares":true,"showImageEffects":true,"showParticleSystems":true},"in2DMode":false,"pivot":{"x":594.7947998046875,"y":121.95904541015625,"z":-346.0689697265625},"rotation":{"x":-0.08200088143348694,"y":-0.8878955245018005,"z":0.17427024245262147,"w":-0.41778868436813357},"size":1686.1341552734375,"orthographic":false}