{"cameraMode":{"drawMode":0,"name":"Shaded","section":"Shading Mode"},"sceneLighting":true,"audioPlay":false,"sceneViewState":{"showFog":true,"showMaterialUpdate":false,"showSkybox":true,"showFlares":true,"showImageEffects":true,"showParticleSystems":true},"in2DMode":false,"pivot":{"x":-18.865562438964845,"y":72.90412902832031,"z":3.0682053565979006},"rotation":{"x":-0.19767941534519196,"y":-0.7736611366271973,"z":0.28988465666770937,"w":-0.5275776982307434},"size":19.58530044555664,"orthographic":false}