{"cameraMode":{"drawMode":0,"name":"Shaded","section":"Shading Mode"},"sceneLighting":false,"audioPlay":false,"sceneViewState":{"showFog":true,"showMaterialUpdate":false,"showSkybox":false,"showFlares":true,"showImageEffects":true,"showParticleSystems":true},"in2DMode":false,"pivot":{"x":-8.029999732971192,"y":20.700000762939454,"z":-12.880000114440918},"rotation":{"x":0.16166381537914277,"y":-0.7690672278404236,"z":0.2143450379371643,"w":0.5800487995147705},"size":5.472431182861328,"orthographic":false}