{"cameraMode":{"drawMode":0,"name":"Shaded","section":"Shading Mode"},"sceneLighting":true,"audioPlay":false,"sceneViewState":{"showFog":true,"showMaterialUpdate":false,"showSkybox":true,"showFlares":true,"showImageEffects":true,"showParticleSystems":true},"in2DMode":false,"pivot":{"x":-11.549162864685059,"y":23.150606155395509,"z":-8.653043746948243},"rotation":{"x":0.10399171710014343,"y":0.7678740620613098,"z":-0.12904638051986695,"w":0.6187909245491028},"size":6.5629754066467289,"orthographic":false}