{"cameraMode":{"drawMode":0,"name":"Shaded","section":"Shading Mode"},"sceneLighting":false,"audioPlay":false,"sceneViewState":{"showFog":true,"showMaterialUpdate":false,"showSkybox":false,"showFlares":true,"showImageEffects":true,"showParticleSystems":true},"in2DMode":false,"pivot":{"x":-11.796699523925782,"y":20.92757225036621,"z":-13.199268341064454},"rotation":{"x":0.15536700189113618,"y":0.0041525885462760929,"z":-0.0006531724939122796,"w":0.9878479242324829},"size":3.6945719718933107,"orthographic":false}