{"cameraMode":{"drawMode":0,"name":"Shaded","section":"Shading Mode"},"sceneLighting":true,"audioPlay":false,"sceneViewState":{"showFog":true,"showMaterialUpdate":false,"showSkybox":true,"showFlares":true,"showImageEffects":true,"showParticleSystems":true},"in2DMode":false,"pivot":{"x":-3.0980911254882814,"y":16.989051818847658,"z":-23.107168197631837},"rotation":{"x":-0.045587729662656787,"y":-0.9508113265037537,"z":0.17007526755332948,"w":-0.25486090779304507},"size":18.984750747680665,"orthographic":false}