{"cameraMode":{"drawMode":0,"name":"Shaded","section":"Shading Mode"},"sceneLighting":false,"audioPlay":false,"sceneViewState":{"showFog":true,"showMaterialUpdate":false,"showSkybox":false,"showFlares":true,"showImageEffects":true,"showParticleSystems":true},"in2DMode":false,"pivot":{"x":-8.721712112426758,"y":21.416473388671876,"z":-12.070416450500489},"rotation":{"x":0.06854728609323502,"y":-0.8790367841720581,"z":0.13312357664108277,"w":0.45262977480888369},"size":3.231376886367798,"orthographic":false}