{"cameraMode":{"drawMode":0,"name":"Shaded","section":"Shading Mode"},"sceneLighting":false,"audioPlay":false,"sceneViewState":{"showFog":true,"showMaterialUpdate":false,"showSkybox":false,"showFlares":true,"showImageEffects":true,"showParticleSystems":true},"in2DMode":false,"pivot":{"x":0.14485664665699006,"y":0.4964190125465393,"z":-0.6581199765205383},"rotation":{"x":-0.14286179840564729,"y":-0.7353902459144592,"z":0.16367560625076295,"w":-0.641873836517334},"size":0.9000571966171265,"orthographic":false}