{"cameraMode":{"drawMode":0,"name":"Shaded","section":"Shading Mode"},"sceneLighting":true,"audioPlay":false,"sceneViewState":{"showFog":true,"showMaterialUpdate":false,"showSkybox":false,"showFlares":true,"showImageEffects":true,"showParticleSystems":true},"in2DMode":false,"pivot":{"x":-5.112854480743408,"y":2.063920021057129,"z":1.060481071472168},"rotation":{"x":0.04091249778866768,"y":-0.9412251710891724,"z":0.31170374155044558,"w":0.12354033440351486},"size":2.8842501640319826,"orthographic":false}