{"cameraMode":{"drawMode":0,"name":"Shaded","section":"Shading Mode"},"sceneLighting":false,"audioPlay":false,"sceneViewState":{"showFog":true,"showMaterialUpdate":false,"showSkybox":false,"showFlares":true,"showImageEffects":true,"showParticleSystems":true},"in2DMode":false,"pivot":{"x":0.4612298607826233,"y":-0.2650509476661682,"z":-1.985609531402588},"rotation":{"x":-0.18065398931503297,"y":-0.5340455770492554,"z":0.11802183091640473,"w":-0.8174536228179932},"size":4.200057029724121,"orthographic":false}