{"cameraMode":{"drawMode":0,"name":"Shaded","section":"Shading Mode"},"sceneLighting":true,"audioPlay":false,"sceneViewState":{"showFog":true,"showMaterialUpdate":false,"showSkybox":true,"showFlares":true,"showImageEffects":true,"showParticleSystems":true},"in2DMode":false,"pivot":{"x":-9.06521224975586,"y":22.028587341308595,"z":-10.496450424194336},"rotation":{"x":0.16735456883907319,"y":0.41814813017845156,"z":-0.07868506759405136,"w":0.8893555402755737},"size":5.21480131149292,"orthographic":false}