{"cameraMode":{"drawMode":0,"name":"Shaded","section":"Shading Mode"},"sceneLighting":true,"audioPlay":false,"sceneViewState":{"showFog":true,"showMaterialUpdate":false,"showSkybox":false,"showFlares":true,"showImageEffects":true,"showParticleSystems":true},"in2DMode":false,"pivot":{"x":-6.748785495758057,"y":3.197504758834839,"z":-0.7386760711669922},"rotation":{"x":-0.0007346115889959037,"y":-0.9991785883903503,"z":0.021286362782120706,"w":-0.034476615488529208},"size":5.906141757965088,"orthographic":false}