{"cameraMode":{"drawMode":0,"name":"Shaded","section":"Shading Mode"},"sceneLighting":false,"audioPlay":false,"sceneViewState":{"showFog":true,"showMaterialUpdate":false,"showSkybox":false,"showFlares":true,"showImageEffects":true,"showParticleSystems":true},"in2DMode":false,"pivot":{"x":-9.496445655822754,"y":1.6722650527954102,"z":1.2489709854125977},"rotation":{"x":0.04091249778866768,"y":-0.9412251710891724,"z":0.31170374155044558,"w":0.12354033440351486},"size":9.018614768981934,"orthographic":false}