{"cameraMode":{"drawMode":0,"name":"Shaded","section":"Shading Mode"},"sceneLighting":false,"audioPlay":false,"sceneViewState":{"showFog":true,"showMaterialUpdate":false,"showSkybox":false,"showFlares":true,"showImageEffects":true,"showParticleSystems":true},"in2DMode":false,"pivot":{"x":722.6353149414063,"y":316.9247741699219,"z":602.0098266601563},"rotation":{"x":-0.11812590062618256,"y":-0.04020513594150543,"z":0.004786739591509104,"w":-0.9921728372573853},"size":1587.3397216796875,"orthographic":false}