{"cameraMode":{"drawMode":0,"name":"Shaded","section":"Shading Mode"},"sceneLighting":false,"audioPlay":false,"sceneViewState":{"showFog":true,"showMaterialUpdate":false,"showSkybox":false,"showFlares":true,"showImageEffects":true,"showParticleSystems":true},"in2DMode":false,"pivot":{"x":-2.45882248878479,"y":-0.40195703506469729,"z":0.9662866592407227},"rotation":{"x":0.04091249778866768,"y":-0.9412251710891724,"z":0.31170374155044558,"w":0.12354033440351486},"size":14.347854614257813,"orthographic":false}