{"cameraMode":{"drawMode":0,"name":"Shaded","section":"Shading Mode"},"sceneLighting":false,"audioPlay":false,"sceneViewState":{"showFog":true,"showMaterialUpdate":false,"showSkybox":false,"showFlares":true,"showImageEffects":true,"showParticleSystems":true},"in2DMode":false,"pivot":{"x":-4.378134727478027,"y":0.7791600227355957,"z":1.925816535949707},"rotation":{"x":0.07214426249265671,"y":-0.9275305867195129,"z":0.27174389362335207,"w":0.24624674022197724},"size":12.248083114624024,"orthographic":false}