{"cameraMode":{"drawMode":0,"name":"Shaded","section":"Shading Mode"},"sceneLighting":false,"audioPlay":false,"sceneViewState":{"showFog":true,"showMaterialUpdate":false,"showSkybox":false,"showFlares":true,"showImageEffects":true,"showParticleSystems":true},"in2DMode":false,"pivot":{"x":-1.344343662261963,"y":-0.10762310028076172,"z":0.8473780155181885},"rotation":{"x":0.07214426249265671,"y":-0.9275305867195129,"z":0.27174389362335207,"w":0.24624674022197724},"size":3.8762104511260988,"orthographic":false}